{
  "artifact_type": "meta_run_finish",
  "timestamp": "2025-09-07T23:26:59.583543+00:00",
  "unix_timestamp": 1757287619.583552,
  "data": {
    "run_id": 81,
    "best_score": 0.3815777227387375,
    "total_iterations": 3
  }
}