{
  "artifact_type": "meta_run_finish",
  "timestamp": "2025-09-06T14:09:48.189748+00:00",
  "unix_timestamp": 1757167788.189752,
  "data": {
    "run_id": 18,
    "best_score": 0.3893926437775537,
    "total_iterations": 12
  }
}