{
  "artifact_type": "meta_run_finish",
  "timestamp": "2025-09-07T20:57:04.686720+00:00",
  "unix_timestamp": 1757278624.686733,
  "data": {
    "run_id": 41,
    "best_score": 0.40369463423254853,
    "total_iterations": 8
  }
}