{
  "artifact_type": "meta_run_finish",
  "timestamp": "2025-09-07T14:31:39.815262+00:00",
  "unix_timestamp": 1757255499.81527,
  "data": {
    "run_id": 32,
    "best_score": 0.3190341290621457,
    "total_iterations": 1
  }
}