{
  "artifact_type": "meta_run_finish",
  "timestamp": "2025-09-08T10:49:38.968800+00:00",
  "unix_timestamp": 1757328578.9688041,
  "data": {
    "run_id": 101,
    "best_score": 0.30771883145309487,
    "total_iterations": 3
  }
}