{
  "artifact_type": "meta_run_finish",
  "timestamp": "2025-09-06T19:53:40.761078+00:00",
  "unix_timestamp": 1757188420.761089,
  "data": {
    "run_id": 24,
    "best_score": 0.5634129777504502,
    "total_iterations": 8
  }
}