{
  "artifact_type": "meta_run_finish",
  "timestamp": "2025-09-07T23:21:05.828044+00:00",
  "unix_timestamp": 1757287265.828049,
  "data": {
    "run_id": 78,
    "best_score": 0.4681012303700206,
    "total_iterations": 3
  }
}