{
  "artifact_type": "meta_run_finish",
  "timestamp": "2025-09-07T20:47:02.696570+00:00",
  "unix_timestamp": 1757278022.696573,
  "data": {
    "run_id": 39,
    "best_score": 0.5601936498642868,
    "total_iterations": 8
  }
}