{
  "artifact_type": "meta_run_finish",
  "timestamp": "2025-09-07T21:12:55.469493+00:00",
  "unix_timestamp": 1757279575.4694982,
  "data": {
    "run_id": 46,
    "best_score": 0.581755925629919,
    "total_iterations": 3
  }
}