{
  "artifact_type": "meta_run_finish",
  "timestamp": "2025-09-07T23:04:40.618573+00:00",
  "unix_timestamp": 1757286280.618583,
  "data": {
    "run_id": 73,
    "best_score": 0.6149659945378253,
    "total_iterations": 3
  }
}