{
  "artifact_type": "meta_run_finish",
  "timestamp": "2025-09-07T23:25:38.008598+00:00",
  "unix_timestamp": 1757287538.0086021,
  "data": {
    "run_id": 80,
    "best_score": 0.45926871849863227,
    "total_iterations": 3
  }
}