{
  "artifact_type": "meta_run_finish",
  "timestamp": "2025-09-07T21:12:01.959137+00:00",
  "unix_timestamp": 1757279521.959141,
  "data": {
    "run_id": 45,
    "best_score": 0.3095998815522997,
    "total_iterations": 3
  }
}