{
  "artifact_type": "meta_run_finish",
  "timestamp": "2025-09-07T21:19:56.668265+00:00",
  "unix_timestamp": 1757279996.6682749,
  "data": {
    "run_id": 49,
    "best_score": 0.46913332445199774,
    "total_iterations": 3
  }
}