{
  "artifact_type": "meta_run_finish",
  "timestamp": "2025-09-07T21:06:24.781972+00:00",
  "unix_timestamp": 1757279184.781976,
  "data": {
    "run_id": 43,
    "best_score": 0.4544751416072352,
    "total_iterations": 3
  }
}