{
  "artifact_type": "meta_run_finish",
  "timestamp": "2025-09-07T21:46:48.254413+00:00",
  "unix_timestamp": 1757281608.254422,
  "data": {
    "run_id": 57,
    "best_score": 0.6788969487452675,
    "total_iterations": 3
  }
}