{
  "artifact_type": "meta_run_finish",
  "timestamp": "2025-09-07T23:23:14.864018+00:00",
  "unix_timestamp": 1757287394.8640242,
  "data": {
    "run_id": 79,
    "best_score": 0.4404651685869825,
    "total_iterations": 3
  }
}