{
  "artifact_type": "meta_run_finish",
  "timestamp": "2025-09-07T22:27:27.024609+00:00",
  "unix_timestamp": 1757284047.0246139,
  "data": {
    "run_id": 63,
    "best_score": 0.5894993488059347,
    "total_iterations": 3
  }
}