{
  "artifact_type": "meta_run_finish",
  "timestamp": "2025-09-08T01:52:43.988459+00:00",
  "unix_timestamp": 1757296363.988468,
  "data": {
    "run_id": 98,
    "best_score": 0.32992285457043724,
    "total_iterations": 10
  }
}