{
  "artifact_type": "meta_run_finish",
  "timestamp": "2025-09-06T19:32:33.802656+00:00",
  "unix_timestamp": 1757187153.802659,
  "data": {
    "run_id": 22,
    "best_score": 0.4282267685422627,
    "total_iterations": 15
  }
}