{
  "artifact_type": "meta_run_finish",
  "timestamp": "2025-09-07T21:14:25.262365+00:00",
  "unix_timestamp": 1757279665.262368,
  "data": {
    "run_id": 47,
    "best_score": 0.5332405835024738,
    "total_iterations": 3
  }
}