{
  "artifact_type": "meta_run_finish",
  "timestamp": "2025-09-07T16:01:25.376628+00:00",
  "unix_timestamp": 1757260885.376632,
  "data": {
    "run_id": 34,
    "best_score": 0.3738873001174457,
    "total_iterations": 15
  }
}