{
  "artifact_type": "meta_run_finish",
  "timestamp": "2025-09-08T15:23:56.176098+00:00",
  "unix_timestamp": 1757345036.1761012,
  "data": {
    "run_id": 105,
    "best_score": 0.24491049324816963,
    "total_iterations": 3
  }
}