{
  "artifact_type": "meta_run_finish",
  "timestamp": "2025-09-05T19:28:31.029680+00:00",
  "unix_timestamp": 1757100511.029693,
  "data": {
    "run_id": 9,
    "best_score": 0.413262307230628,
    "total_iterations": 5
  }
}