{
  "artifact_type": "meta_run_finish",
  "timestamp": "2025-09-07T23:32:09.813498+00:00",
  "unix_timestamp": 1757287929.81351,
  "data": {
    "run_id": 85,
    "best_score": 0.39530478378342904,
    "total_iterations": 3
  }
}