{
  "artifact_type": "meta_run_finish",
  "timestamp": "2025-09-06T12:50:28.993768+00:00",
  "unix_timestamp": 1757163028.993771,
  "data": {
    "run_id": 14,
    "best_score": 0.29537296265628715,
    "total_iterations": 2
  }
}