{
  "artifact_type": "meta_run_finish",
  "timestamp": "2025-09-07T20:50:38.135907+00:00",
  "unix_timestamp": 1757278238.135911,
  "data": {
    "run_id": 40,
    "best_score": 0.5837527520084135,
    "total_iterations": 8
  }
}