{
  "artifact_type": "meta_run_finish",
  "timestamp": "2025-09-07T21:31:31.392407+00:00",
  "unix_timestamp": 1757280691.392411,
  "data": {
    "run_id": 53,
    "best_score": 0.4630302838076139,
    "total_iterations": 3
  }
}