{
  "artifact_type": "meta_run_finish",
  "timestamp": "2025-09-07T15:45:18.579661+00:00",
  "unix_timestamp": 1757259918.579668,
  "data": {
    "run_id": 33,
    "best_score": 0.3212782737380174,
    "total_iterations": 3
  }
}