{
  "artifact_type": "meta_run_finish",
  "timestamp": "2025-09-06T00:52:20.933671+00:00",
  "unix_timestamp": 1757119940.933674,
  "data": {
    "run_id": 13,
    "best_score": 0.0,
    "total_iterations": 15
  }
}