{
  "run_id": 31,
  "task_class": "code",
  "task": "Write a Python function that adds two numbers",
  "assertions": null,
  "best_score": 0.37051135264538826,
  "best_total_reward": 0.47051135264538824,
  "best_recipe": {
    "system": "You are a concise senior engineer. Return precise, directly usable output.",
    "nudge": "Respond in bullet points.",
    "params": {
      "temperature": 0.7,
      "top_k": 40,
      "max_tokens": 4096
    },
    "use_rag": false,
    "use_memory": true,
    "use_web": false,
    "fewshot": null,
    "engine": "groq"
  },
  "operator_stats": {
    "toggle_web": {
      "n": 21,
      "avg_reward": 3.273017919003971,
      "mean_payoff": 0.0186805543306219
    },
    "change_nudge": {
      "n": 10,
      "avg_reward": 0.25850814274833084
    },
    "raise_top_k": {
      "n": 6,
      "avg_reward": 0.40687187967777166
    },
    "inject_memory": {
      "n": 7,
      "avg_reward": 3.0714813913963397,
      "mean_payoff": 0.06721590752076975
    },
    "inject_rag": {
      "n": 7,
      "avg_reward": 0.4053832384209666
    },
    "lower_top_k": {
      "n": 8,
      "avg_reward": 10.833189566003249
    },
    "lower_temp": {
      "n": 14,
      "avg_reward": 18.146414165808853
    },
    "use_groq": {
      "n": 7,
      "avg_reward": 0.4967679827036386
    },
    "add_fewshot": {
      "n": 8,
      "avg_reward": 3.1977381568863756
    },
    "raise_temp": {
      "n": 14,
      "avg_reward": 77.39139012473272
    },
    "change_system": {
      "n": 8,
      "avg_reward": 3.309148336142929
    }
  },
  "baseline": 0.5634129777504502,
  "improvement": -0.19290162510506192,
  "total_reward_improvement": 0.47051135264538824,
  "timestamp": 1757255484,
  "metrics": {
    "best_total_reward": 0.47051135264538824,
    "best_score": 0.37051135264538826,
    "avg_total_reward": 0.3922916409430599,
    "steps_to_best": 2,
    "cost_penalty_avg": 0.0,
    "promotion": {
      "eligible": true,
      "reasons": [
        "total_reward improvement: 0.471",
        "cost efficiency: 0.000 <= 0.090",
        "auto-approved for exceptional performance"
      ]
    }
  },
  "eval": {
    "eligible": true,
    "safety": {
      "ok": true,
      "matches": []
    }
  }
}